date,year,month,commercial_imports,government_imports,total_imports,domestic_exports,re_exports,total_exports,trade_balance,export_import_ratio,re_export_share
1998-08-01,1998,August,14786.66,736.34,15522.99,8642.42,506.74,9149.16,-6373.83,58.93941824352138,5.53865054278207
1998-09-01,1998,September,16438.24,511.11,16949.35,9222.37,639.03,9861.4,-7087.95,58.181582184567546,6.480114385381386
1998-10-01,1998,October,16189.14,980.93,17170.07,9310.95,572.66,9883.61,-7286.46,57.56301517699113,5.794036794248255
1998-11-01,1998,November,13424.42,395.24,13819.65,8633.71,455.17,9088.89,-4730.77,65.76787400549217,5.007982272862804
1998-12-01,1998,December,17529.81,516.13,18045.94,9079.32,517.33,9596.66,-8449.28,53.17905301691128,5.39072969137179
1999-01-01,1999,January,13040.65,412.25,13452.9,8455.96,550.8,9006.75,-4446.15,66.95024864527352,6.11541343992006
1999-02-01,1999,February,16335.01,986.63,17321.64,10205.38,409.11,10614.49,-6707.15,61.27878191672382,3.8542596017331032
1999-03-01,1999,March,17326.37,659.12,17985.49,11370.64,540.75,11911.4,-6074.09,66.22783143522916,4.539768625014692
1999-04-01,1999,April,15396.92,341.98,15738.9,9760.29,394.02,10154.31,-5584.59,64.51727884413778,3.8803227398021134
1999-05-01,1999,May,14231.39,551.37,14782.75,9535.02,314.63,9849.65,-4933.1,66.62934839593446,3.1943267019640293
1999-06-01,1999,June,14041.45,102.0,14143.45,11458.19,510.1,11968.29,-2175.16,84.62072549484037,4.262095921806707
1999-07-01,1999,July,14802.11,1155.73,15957.84,9947.67,453.26,10400.94,-5556.9,65.1776180234919,4.357875345882198
1999-08-01,1999,August,15309.02,85.49,15394.51,8969.13,508.45,9477.58,-5916.93,61.56467467947989,5.3647661111802805
1999-09-01,1999,September,16891.43,527.89,17419.32,9245.61,865.68,10111.3,-7308.02,58.046467944787736,8.561510389366353
1999-10-01,1999,October,13770.29,208.09,13978.37,8693.49,895.79,9589.28,-4389.09,68.60084544907596,9.34157726127509
1999-11-01,1999,November,19417.88,1363.57,20781.46,8952.68,907.38,9860.06,-10921.4,47.44642580453924,9.202580917357501
1999-12-01,1999,December,17316.53,198.33,17514.86,8812.23,821.6,9633.83,-7881.03,55.00375110049409,8.528280029853134
2000-01-01,2000,January,17086.47,110.73,17197.2,8178.01,946.25,9124.26,-8072.93,53.05666038657456,10.370704035176551
2000-02-01,2000,February,15812.7,547.45,16360.15,9952.54,760.38,10712.92,-5647.22,65.48179570480711,7.097784730960373
2000-03-01,2000,March,21253.31,288.14,21541.46,10981.56,905.14,11886.71,-9654.75,55.18061449873871,7.614722660854014
2000-04-01,2000,April,15180.21,492.58,15672.79,8443.42,1004.79,9448.21,-6224.58,60.28416127568862,10.634712818618555
2000-05-01,2000,May,20637.87,236.84,20874.72,11496.0,1177.81,12673.81,-8200.91,60.71367663853694,9.293259090991581
2000-06-01,2000,June,19780.84,90.07,19870.91,10878.43,1118.73,11997.16,-7873.75,60.37549362359348,9.324956906467865
2000-07-01,2000,July,22865.95,486.09,23352.04,9684.69,1225.37,10910.06,-12441.98,46.7199439535047,11.231560596367023
2000-08-01,2000,August,24116.67,393.83,24510.5,10328.83,1394.08,11722.91,-12787.59,47.828114481548724,11.891927857502957
2000-09-01,2000,September,20921.19,324.11,21245.3,9106.42,1079.61,10186.03,-11059.28,47.94486309913252,10.598928139815019
2000-10-01,2000,October,22619.99,507.68,23127.67,10604.61,1332.12,11936.74,-11190.93,51.61237599810098,11.159830908606537
2000-11-01,2000,November,26049.59,467.55,26517.15,10747.97,2266.93,13014.9,-13502.25,49.08106640419502,17.417959415746566
2000-12-01,2000,December,16311.66,1222.34,17534.0,9361.22,1552.14,10913.36,-6620.64,62.24113151591194,14.222384306941215
2001-01-01,2001,January,20362.81,377.92,20740.73,11909.29,1627.68,13536.97,-7203.76,65.26756772784758,12.023961048890557
2001-02-01,2001,February,19975.7,616.59,20592.29,11682.79,2444.94,14127.74,-6464.56,68.60693978183096,17.30595268599224
2001-03-01,2001,March,22856.78,527.14,23383.92,12404.83,1763.72,14168.56,-9215.37,60.59103862825395,12.448124580056124
2001-04-01,2001,April,21908.1,737.74,22645.84,9574.02,1836.6,11410.62,-11235.22,50.38726759528461,16.0955320569785
2001-05-01,2001,May,27709.69,497.61,28207.31,11186.16,2232.87,13419.03,-14788.28,47.572880930510564,16.639578270560538
2001-06-01,2001,June,29220.86,228.63,29449.49,10971.91,1962.38,12934.28,-16515.2,43.92021729408557,15.171930714349774
2001-07-01,2001,July,28310.73,666.84,28977.57,11075.39,3775.07,14850.46,-14127.11,51.248120529085085,25.420559363144307
2001-08-01,2001,August,21243.47,589.39,21832.85,10620.48,1941.11,12561.59,-9271.26,57.535273681631125,15.452741253296756
2001-09-01,2001,September,23225.8,102.58,23328.38,8529.24,1922.62,10451.87,-12876.51,44.80323965916193,18.39498577766466
2001-10-01,2001,October,24874.33,174.01,25048.34,9721.82,1949.83,11671.65,-13376.69,46.59650100565546,16.70569285405234
2001-11-01,2001,November,19126.14,119.46,19245.59,10638.91,1962.77,12601.68,-6643.91,65.47827320440683,15.575462954145797
2001-12-01,2001,December,15729.1,279.83,16008.94,9104.87,1872.68,10977.56,-5031.38,68.57143571029687,17.0591643316001
2002-01-01,2002,January,33490.59,68.98,33559.57,12299.91,2156.73,14456.64,-19102.92,43.077548371448145,14.918611793611793
2002-02-01,2002,February,15650.29,221.4,15871.69,10625.73,2711.8,13337.53,-2534.15,84.03345831477303,20.332100471376634
2002-03-01,2002,March,22023.99,169.74,22193.73,10323.57,2600.15,12923.72,-9270.01,58.23140139129384,20.119207163262594
2002-04-01,2002,April,17934.56,205.05,18139.62,11515.45,3161.56,14677.01,-3462.6,80.91134213395871,21.540899679158084
2002-05-01,2002,May,20589.3,471.16,21060.46,12187.61,3468.96,15656.57,-5403.89,74.3410637754351,22.156577079143133
2002-06-01,2002,June,21001.54,265.61,21267.15,12999.86,2583.63,15583.49,-5683.66,73.27493340668589,16.57927717090331
2002-07-01,2002,July,20449.68,465.47,20915.15,11515.84,4045.9,15561.75,-5353.41,74.4041998264416,25.999003968062716
2002-08-01,2002,August,19014.13,129.49,19143.62,10682.09,2727.54,13409.63,-5733.99,70.04751452442119,20.34015852786393
2002-09-01,2002,September,19013.1,445.26,19458.36,10643.34,4535.64,15178.98,-4279.38,78.00749909036527,29.881059201606437
2002-10-01,2002,October,22080.43,370.43,22450.86,11133.82,3557.86,14691.68,-7759.17,65.43927493200707,24.2168356511985
2002-11-01,2002,November,20333.0,697.96,21030.96,10687.47,3289.91,13977.38,-7053.58,66.46096992243817,23.53738683501486
2002-12-01,2002,December,22380.44,193.18,22573.61,9348.17,3043.57,12391.73,-10181.88,54.89476428448972,24.561300157443718
2003-01-01,2003,January,23838.17,481.64,24319.81,12541.97,4195.41,16737.38,-7582.43,68.8220014876761,25.06610951056856
2003-02-01,2003,February,22722.49,391.8,23114.3,13094.44,4101.5,17195.94,-5918.36,74.39524450232106,23.85156031016624
2003-03-01,2003,March,21179.63,229.98,21409.61,12359.74,3761.14,16120.88,-5288.74,75.29740149400199,23.33086035005533
2003-04-01,2003,April,21600.41,180.33,21780.75,11463.35,3426.77,14890.11,-6890.63,68.3636238421542,23.01373193347799
2003-05-01,2003,May,22866.32,227.79,23094.11,10575.63,4230.93,14806.56,-8287.56,64.11401002246893,28.574699322462475
2003-06-01,2003,June,25755.63,115.4,25871.03,11230.39,3361.61,14591.99,-11279.04,56.40281813286908,23.037365020124057
2003-07-01,2003,July,26374.47,94.92,26469.39,10794.28,3689.0,14483.28,-11986.11,54.7170901936161,25.470749719676753
2003-08-01,2003,August,20426.42,403.51,20829.93,9938.62,3803.33,13741.95,-7087.98,65.97213720833436,27.676785317949783
2003-09-01,2003,September,22194.36,161.09,22355.45,11101.94,3898.15,15000.08,-7355.37,67.09809017487906,25.98752806651698
2003-10-01,2003,October,25061.44,179.84,25241.28,12041.0,3337.53,15378.53,-9862.75,60.9261099278642,21.70252943551822
2003-11-01,2003,November,21132.38,220.42,21352.8,10826.88,4913.87,15740.76,-5612.04,73.71754523996853,31.21748886330774
2003-12-01,2003,December,25666.67,318.69,25985.36,10734.18,3699.42,14433.59,-11551.76,55.54508384721243,25.630629663167653
2004-01-01,2004,January,25278.88,259.47,25538.35,12411.92,3978.65,16390.57,-9147.78,64.1802230762755,24.27401853626811
2004-02-01,2004,February,25286.11,281.49,25567.6,11489.32,4011.03,15500.35,-10067.25,60.62497066599916,25.877028583225542
2004-03-01,2004,March,29575.09,200.02,29775.11,12378.96,4316.24,16695.2,-13079.91,56.070993524457165,25.853179356940913
2004-04-01,2004,April,29133.36,251.66,29385.02,13232.09,4938.67,18170.75,-11214.27,61.83677942026243,27.179230356479504
2004-05-01,2004,May,25954.17,354.66,26308.82,13455.29,4467.33,17922.62,-8386.2,68.12399795961962,24.925652611057984
2004-06-01,2004,June,30175.8,526.98,30702.78,13616.16,4106.07,17722.23,-12980.55,57.72190661562243,23.169036853714232
2004-07-01,2004,July,28871.27,526.98,29398.25,14298.7,4768.51,19067.21,-10331.04,64.85831639638413,25.008955164389548
2004-08-01,2004,August,33240.79,253.51,33494.3,12140.55,5415.8,17556.35,-15937.95,52.41593345733452,30.848097696844732
2004-09-01,2004,September,30469.82,253.51,30723.33,12215.47,4336.78,16552.26,-14171.07,53.8752146984067,26.200530924477988
2004-10-01,2004,October,27852.55,253.51,28106.06,13212.09,3727.09,16939.18,-11166.88,60.26878189258829,22.002776993927686
2004-11-01,2004,November,33324.36,253.51,33577.87,15264.76,5303.02,20567.78,-13010.1,61.25397471608531,25.783142371223345
2004-12-01,2004,December,38031.5,202.75,38234.25,14371.28,5146.7,19517.97,-18716.27,51.04839247533298,26.369033254995266
2005-01-01,2005,January,38204.12,301.83,38505.95,14569.76,5270.33,19840.09,-18665.86,51.52473838458732,26.56404280424131
2005-02-01,2005,February,27951.21,928.76,28879.97,15213.7,5318.87,20532.56,-8347.4,71.09619573704543,25.904563288747234
2005-03-01,2005,March,35544.67,334.42,35879.08,17772.81,5353.99,23126.8,-12752.28,64.45761708494197,23.150587197537057
2005-04-01,2005,April,50507.57,425.48,50933.05,15971.5,5235.55,21207.05,-29726.0,41.63710989229979,24.687780714432233
2005-05-01,2005,May,37656.25,247.0,37903.25,16845.76,5027.31,21873.08,-16030.17,57.70766359085303,22.984005910461626
2005-06-01,2005,June,45876.66,100.52,45977.18,16705.72,5197.01,21902.73,-24074.45,47.63826315576553,23.7276814351453
2005-07-01,2005,July,31434.68,1.28,31435.96,15026.35,4705.43,19731.78,-11704.18,62.76818013510642,23.846961602045027
2005-08-01,2005,August,45558.82,155.99,45714.81,17428.17,3149.02,20577.19,-25137.62,45.01208689262845,15.303450082348466
2005-09-01,2005,September,36325.33,46.32,36371.65,17139.52,2829.67,19969.19,-16402.46,54.90317321320314,14.170179160997517
2005-10-01,2005,October,36076.57,123.84,36200.41,15541.54,3101.36,18642.9,-17557.51,51.499140479348156,16.63560926679862
2005-11-01,2005,November,36446.25,120.96,36567.21,15006.35,3134.61,18140.95,-18426.26,49.60988273373878,17.279194309008073
2005-12-01,2005,December,40027.55,98.88,40126.43,16174.57,2012.74,18187.31,-21939.12,45.325013962119236,11.066727295020538
2006-01-01,2006,January,39625.85,4.65,39630.49,15525.89,1652.31,17178.2,-22452.29,43.34591876103475,9.618644561129804
2006-02-01,2006,February,38423.91,118.48,38542.39,15526.65,2513.08,18039.72,-20502.66,46.80488158622234,13.93081489069675
2006-03-01,2006,March,39243.88,1453.75,40697.62,18659.37,2464.77,21124.14,-19573.48,51.90509911881824,11.668025301858442
2006-04-01,2006,April,47047.02,228.36,47275.38,15176.82,2732.1,17908.92,-29366.46,37.88212807596681,15.255526296393082
2006-05-01,2006,May,40376.02,2058.07,42434.09,18925.99,2473.69,21399.68,-21034.4,50.43039688137533,11.559471917337081
2006-06-01,2006,June,41768.83,541.1,42309.93,19587.75,2201.64,21789.39,-20520.54,51.49947069163196,10.104183733459266
2006-07-01,2006,July,39548.68,327.79,39876.47,21015.61,2192.05,23207.66,-16668.81,58.19888269949672,9.445372777781131
2006-08-01,2006,August,49136.07,745.41,49881.48,20739.25,2569.69,23308.94,-26572.54,46.72864558148635,11.024482451797466
2006-09-01,2006,September,43658.9,509.61,44168.52,20548.9,1006.31,21555.21,-22613.31,48.80220120574563,4.668523294368276
2006-10-01,2006,October,46821.55,1065.33,47886.88,19043.83,866.21,19910.04,-27976.84,41.577233680707536,4.350619084642723
2006-11-01,2006,November,48435.6,716.89,49152.49,21672.63,1179.73,22852.36,-26300.13,46.49278195265388,5.16239898198698
2006-12-01,2006,December,42134.38,2879.62,45014.0,18657.76,968.23,19625.99,-25388.01,43.599746745456976,4.933407180988067
2007-01-01,2007,January,47449.63,844.56,48294.19,20100.53,777.16,20877.69,-27416.5,43.23023121414811,3.722442473281287
2007-02-01,2007,February,56198.82,718.46,56917.28,21875.2,2341.47,24216.67,-32700.61,42.54713155653256,9.66883555831582
2007-03-01,2007,March,45724.52,102.61,45827.13,22600.52,912.1,23512.62,-22314.51,51.30720601530142,3.879193386360176
2007-04-01,2007,April,43019.46,570.02,43589.49,19662.1,804.64,20466.74,-23122.74,46.953382569972725,3.931451711410806
2007-05-01,2007,May,50453.44,1045.11,51498.55,24009.95,1034.52,25044.47,-26454.08,48.631408068770874,4.1307322534675315
2007-06-01,2007,June,49549.73,651.41,50201.13,22071.82,742.21,22814.03,-27387.11,45.44525192958804,3.253305093400859
2007-07-01,2007,July,52029.39,1161.18,53190.58,22673.25,1011.29,23684.54,-29506.04,44.527696445498435,4.269831713007726
2007-08-01,2007,August,52406.65,197.41,52604.06,22940.52,950.11,23890.63,-28713.43,45.41594318005113,3.976914798814431
2007-09-01,2007,September,47537.13,923.03,48460.16,20258.79,1005.65,21264.45,-27195.71,43.88027195948177,4.729254695042664
2007-10-01,2007,October,58901.57,147.49,59049.06,23516.06,1168.19,24684.25,-34364.81,41.80295164732512,4.732531877614268
2007-11-01,2007,November,57097.19,634.72,57731.91,24970.24,1103.51,26073.75,-31658.16,45.16349796845453,4.232264250443453
2007-12-01,2007,December,37518.53,238.84,37757.37,16940.0,1126.0,18066.0,-19691.37,47.847612267485786,6.232702313738514
2008-01-01,2008,January,63748.21,592.8,64341.01,22767.81,985.72,23753.53,-40587.48,36.91818017777464,4.149783211169035
2008-02-01,2008,February,57537.23,514.21,58051.43,31277.01,1050.16,32327.17,-25724.26,55.68712088573873,3.248536757161237
2008-03-01,2008,March,53075.25,125.54,53200.79,25654.53,1460.93,27115.46,-26085.32,50.968152916526236,5.387811971473101
2008-04-01,2008,April,54747.06,38.4,54785.45,27893.33,1292.86,29186.19,-25599.27,53.27361553113098,4.429697744035792
2008-05-01,2008,May,56238.61,638.81,56877.43,24436.3,1303.31,25739.61,-31137.82,45.254523630902455,5.063441132169446
2008-06-01,2008,June,49756.71,200.55,49957.26,23832.87,1477.07,25309.94,-24647.31,50.66318689215541,5.835928492916222
2008-07-01,2008,July,69724.43,575.66,70300.09,28667.31,1671.58,30338.89,-39961.2,43.156260539638005,5.509693993419008
2008-08-01,2008,August,72069.54,575.12,72644.67,27487.9,2265.53,29753.42,-42891.24,40.95747148414329,7.614351560257612
2008-09-01,2008,September,74273.61,499.43,74773.03,26618.4,1869.18,28487.59,-46285.45,38.09875031144251,6.561383395366192
2008-10-01,2008,October,74673.09,182.74,74855.83,29556.05,2984.15,32540.21,-42315.62,43.4705085762859,9.170653784963282
2008-11-01,2008,November,66983.56,1404.34,68387.9,27434.29,1624.36,29058.65,-39329.25,42.49092310189376,5.5899362152061425
2008-12-01,2008,December,66971.08,1596.81,68567.9,27405.44,1938.39,29343.83,-39224.06,42.79528759084062,6.60578390755399
2009-01-01,2009,January,66024.44,152.74,66177.18,26120.79,1238.96,27359.75,-38817.43,41.3431790233431,4.528403951059494
2009-02-01,2009,February,59334.06,1229.07,60563.13,27362.15,1314.05,28676.2,-31886.93,47.34927009221617,4.582371443915163
2009-03-01,2009,March,60724.1,572.69,61296.8,28847.95,2621.76,31469.71,-29827.08,51.339890499993466,8.331058659263146
2009-04-01,2009,April,64497.35,1301.85,65799.21,25206.94,1141.33,26348.27,-39450.94,40.04344429059255,4.33170754664348
2009-05-01,2009,May,58611.64,87.98,58699.61,24525.44,1252.84,25778.27,-32921.34,43.915572863260934,4.860062370360772
2009-06-01,2009,June,61889.33,1021.46,62910.79,26870.74,1295.5,28166.23,-34744.55,44.77169973545079,4.5994795895652345
2009-07-01,2009,July,62334.88,1403.21,63738.1,28362.04,3171.01,31533.06,-32205.04,49.472858462991525,10.056144249876162
2009-08-01,2009,August,59336.95,431.23,59768.18,24653.78,3392.62,28046.4,-31721.77,46.92530373185197,12.096454446916537
2009-09-01,2009,September,69327.64,33.8,69361.44,27836.97,1239.83,29076.8,-40284.63,41.92069830153468,4.26398365707368
2009-10-01,2009,October,72087.37,272.01,72359.38,26761.95,1582.35,28344.3,-44015.08,39.17156282986393,5.5826039097808025
2009-11-01,2009,November,68239.86,908.47,69148.32,27789.32,2089.43,29878.75,-39269.57,43.209654262026895,6.993030163577793
2009-12-01,2009,December,77950.91,323.71,78274.61,29232.19,1038.75,30270.94,-48003.67,38.67274458473827,3.431508899294175
2010-01-01,2010,January,69779.09,1419.8,71198.89,28314.12,2288.46,30602.58,-40596.31,42.981821767165194,7.477996953198063
2010-02-01,2010,February,59155.75,1171.83,60327.58,31171.29,2183.55,33354.84,-26972.74,55.28953755479665,6.54642624578622
2010-03-01,2010,March,75103.6,129.83,75233.43,33175.5,1568.42,34743.93,-40489.5,46.181504684818975,4.514227377271368
2010-04-01,2010,April,71854.06,253.28,72107.34,28701.64,2567.61,31269.25,-40838.09,43.364864103987195,8.211293842992717
2010-05-01,2010,May,80122.31,194.44,80316.75,31328.55,1913.15,33241.7,-47075.06,41.38825338425671,5.755271240640521
2010-06-01,2010,June,77953.17,1255.05,79208.22,31756.29,1283.2,33039.49,-46168.73,41.71219855716995,3.8838371899808384
2010-07-01,2010,July,79136.45,1429.77,80566.22,33174.79,1660.6,34835.39,-45730.83,43.238208271407046,4.76699126951069
2010-08-01,2010,August,72422.63,593.53,73016.16,28735.17,1574.67,30309.84,-42706.32,41.51113945186928,5.19524352487509
2010-09-01,2010,September,87230.19,1410.33,88640.52,32578.09,2465.74,35043.83,-53596.69,39.53477484112232,7.036160145737494
2010-10-01,2010,October,79515.23,3166.64,82681.88,29902.42,2350.0,32252.42,-50429.46,39.00784549166032,7.286274952391169
2010-11-01,2010,November,101974.51,750.4,102724.91,36091.88,3190.26,39282.14,-63442.77,38.24013085044319,8.121400717985324
2010-12-01,2010,December,92661.3,750.4,93411.69,38369.82,1856.69,40226.51,-53185.19,43.06367864664477,4.615588078607863
2011-01-01,2011,January,90058.5,469.35,90527.85,33792.47,1665.31,35457.78,-55070.07,39.16781410361562,4.696599730722002
2011-02-01,2011,February,85089.07,469.35,85558.42,36560.99,2223.41,38784.4,-46774.01,45.33089788240597,5.73274306164334
2011-03-01,2011,March,109190.5,542.39,109732.89,41340.64,2534.88,43875.51,-65857.37,39.98391913308763,5.7774371169702645
2011-04-01,2011,April,85537.44,1450.51,86987.95,37536.6,1880.6,39417.2,-47570.75,45.31340260346404,4.7710136691596565
2011-05-01,2011,May,115375.1,1454.89,116829.99,38834.83,1939.97,40774.79,-76055.2,34.90096164520771,4.7577682190392645
2011-06-01,2011,June,103681.95,622.84,104304.8,41373.62,2440.64,43814.26,-60490.54,42.00598630168506,5.57042387569709
2011-07-01,2011,July,100558.31,2340.08,102898.39,40923.81,3742.18,44665.99,-58232.4,43.40786090044752,8.378141847969786
2011-08-01,2011,August,135428.84,693.84,136122.68,44038.41,2232.16,46270.57,-89852.11,33.99181532423546,4.8241463202203905
2011-09-01,2011,September,120334.05,3366.91,123700.96,43480.28,2777.36,46257.64,-77443.32,37.394730000478575,6.004110888493231
2011-10-01,2011,October,114725.49,1012.2,115737.69,43246.25,2023.02,45269.28,-70468.41,39.11368889425735,4.468858351623883
2011-11-01,2011,November,122945.18,3371.72,126316.89,42449.61,2079.88,44529.49,-81787.4,35.25220578182379,4.670792322121812
2011-12-01,2011,December,115286.0,1651.24,116937.25,39363.78,2556.09,41919.87,-75017.37,35.84817498273647,6.097561848354969
2012-01-01,2012,January,99411.64,2246.87,101658.5,40476.21,1888.91,42365.12,-59293.38,41.673957416251476,4.458644280955654
2012-02-01,2012,February,96733.48,5328.07,102061.54,41744.07,2336.43,44080.5,-57981.04,43.190118432467315,5.300370912308163
2012-05-01,2012,May,126408.56,2367.19,128775.76,39383.19,2983.6,42366.78,-86408.97,32.89965440700952,7.042310036306748
2012-06-01,2012,June,111563.26,495.17,112058.43,38825.81,2437.81,41263.62,-70794.81,36.823307269252304,5.907891745804172
2012-07-01,2012,July,122103.72,1310.55,123414.28,40374.35,2527.43,42901.77,-80512.5,34.76240350792469,5.891202157859688
2012-08-01,2012,August,115246.56,855.51,116102.08,40366.78,3517.17,43883.96,-72218.12,37.7977379905683,8.014705145114526
2012-09-01,2012,September,106661.51,806.35,107467.85,39395.65,2430.91,41826.56,-65641.29,38.920067722579354,5.811881254399118
2012-10-01,2012,October,110148.49,776.56,110925.04,43339.92,5204.12,48544.04,-62381.0,43.76292314160987,10.720409755759924
2012-11-01,2012,November,128910.32,984.53,129894.85,42225.34,3832.29,46057.64,-83837.21,35.457633616729225,8.320639094838555
2012-12-01,2012,December,114644.57,2413.34,117057.91,36202.46,3949.88,40152.34,-76905.57,34.30126165758469,9.837234890917939
2013-01-01,2013,January,130274.64,489.88,130764.52,42970.51,4145.81,47116.32,-83648.21,36.03142503792313,8.799095515099651
2013-02-01,2013,February,115738.72,678.88,116417.6,43145.97,3555.7,46701.68,-69715.93,40.11565261609928,7.613644733979591
2013-03-01,2013,March,108095.18,720.83,108816.01,38155.14,2361.82,40516.96,-68299.05,37.23437387568245,5.829213247983067
2013-04-01,2013,April,118199.97,464.23,118664.19,38774.88,3812.96,42587.84,-76076.35,35.889378253034884,8.95316597413722
2013-05-01,2013,May,113552.36,149.16,113701.52,39824.58,3813.96,43638.54,-70062.98,38.37990908125063,8.739889098031234
2013-06-01,2013,June,96795.82,264.93,97060.75,35870.76,2773.4,38644.17,-58416.58,39.81441519872863,7.176761721108256
2013-07-01,2013,July,123975.56,231.68,124207.24,39455.24,2071.27,41526.51,-82680.73,33.43324431007403,4.987825849078095
2013-08-01,2013,August,117051.54,2592.21,119643.75,36006.07,4804.52,40810.59,-78833.16,34.11008932769158,11.772728598140828
2013-09-01,2013,September,111802.23,515.43,112317.66,36220.53,5079.99,41300.52,-71017.14,36.77117204899033,12.300063050053607
2013-10-01,2013,October,131791.48,414.96,132206.44,36428.49,2818.17,39246.66,-92959.78,29.68589124705272,7.18066199773433
2013-11-01,2013,November,113450.77,2574.35,116025.12,37360.04,6941.18,44301.22,-71723.9,38.18243842367929,15.668146385133412
2013-12-01,2013,December,117988.04,994.22,118982.26,35851.93,4456.35,40308.27,-78673.99,33.87754611485779,11.055671702109768
2014-01-01,2014,January,128942.18,1174.27,130116.45,37962.47,5100.0,43062.47,-87053.98,33.095331143756226,11.843259339280817
2014-02-01,2014,February,106448.9,623.37,107072.27,36431.59,6216.24,42647.83,-64424.44,39.830882449769675,14.575747464759637
2014-03-01,2014,March,107894.65,95.71,107990.37,41012.4,7820.41,48832.81,-59157.56,45.219596895538,16.01466309229389
2014-04-01,2014,April,138498.29,786.33,139284.61,38746.16,10249.25,48995.41,-90289.2,35.17647068114705,20.918796270915987
2014-05-01,2014,May,149691.32,786.33,150477.64,38872.75,8993.26,47866.02,-102611.63,31.809390418403687,18.788401458905504
2014-06-01,2014,June,112903.92,786.33,113690.24,37853.69,6306.6,44160.29,-69529.95,38.84263943853052,14.281156215233187
2014-07-01,2014,July,148474.63,264.93,148739.56,34910.79,8090.28,43001.07,-105738.5,28.910311419503998,18.814136485440944
2014-08-01,2014,August,142776.92,1185.51,143962.43,39842.11,4119.6,43961.71,-100000.72,30.536932448278346,9.37088206987399
2014-09-01,2014,September,155766.37,4169.64,159936.01,37836.31,2636.96,40473.27,-119462.74,25.305914534194017,6.515312451897265
2014-10-01,2014,October,155776.49,1625.55,157402.05,37499.26,6640.72,44139.98,-113262.07,28.042824092824713,15.044682847613434
2014-11-01,2014,November,121005.76,594.36,121600.12,36720.0,6173.34,42893.33,-78706.79,35.27408525583692,14.392307615193317
2014-12-01,2014,December,132127.84,6054.85,138182.69,36841.48,4315.6,41157.08,-97025.61,29.78454103042863,10.485680713986513
2015-01-01,2015,January,125670.6,1977.91,127648.51,36364.27,4798.7,41162.98,-86485.54,32.24712924577028,11.657805144331142
2015-02-01,2015,February,111779.46,1364.03,113143.49,38214.53,4431.45,42645.98,-70497.51,37.6919432129944,10.39124906966612
2015-03-01,2015,March,111055.13,1019.69,112074.82,40646.69,7060.24,47706.93,-64367.89,42.56703691337626,14.799191647838164
2015-04-01,2015,April,128340.92,1395.73,129736.65,34360.79,5520.06,39880.86,-89855.8,30.73985647078139,13.841376540024463
2015-05-01,2015,May,141483.52,2555.54,144039.06,37396.38,8569.28,45965.66,-98073.4,31.91194110819663,18.642786810849664
2015-06-01,2015,June,126494.78,1672.86,128167.64,41684.25,5845.27,47529.52,-80638.12,37.08386922003089,12.298188578382447
2015-07-01,2015,July,136354.18,7798.86,144153.04,50407.94,8996.33,59404.27,-84748.77,41.209169088629686,15.144248048162195
2015-08-01,2015,August,123672.99,2022.72,125695.72,46848.79,8226.19,55074.98,-70620.74,43.81611402520309,14.936346776703324
2015-09-01,2015,September,134441.35,4301.8,138743.16,42334.96,7606.84,49941.8,-88801.36,35.99586458892821,15.231409360495615
2015-10-01,2015,October,124615.27,2027.39,126642.65,46425.42,5753.38,52178.8,-74463.85,41.20160151418184,11.026278871879
2015-11-01,2015,November,159792.12,3270.75,163062.87,42302.94,6354.06,48657.0,-114405.87,29.839411019810946,13.058881558665764
2015-12-01,2015,December,119359.9,5089.4,124449.3,42721.35,8175.12,50896.47,-73552.83,40.89735338005116,16.062253433293115
2016-01-01,2016,January,104376.19,2107.02,106483.22,41031.83,6991.67,48023.5,-58459.72,45.09959409567066,14.55885139567087
2016-02-01,2016,February,99348.87,1109.33,100458.2,42955.5,9334.92,52290.42,-48167.78,52.05191811121441,17.852065445257466
2016-03-01,2016,March,112041.8,2378.99,114420.8,46509.3,7520.2,54029.5,-60391.3,47.21999846181813,13.918692566098152
2016-04-01,2016,April,118413.46,6396.85,124810.31,42828.78,3470.2,46298.98,-78511.33,37.09547712845197,7.4951975183902535
2016-05-01,2016,May,112220.74,3947.76,116168.5,45497.69,4363.61,49861.29,-66307.2,42.92152347667397,8.751498406880366
2016-06-01,2016,June,124432.9,2784.45,127217.35,42941.32,5271.65,48212.97,-79004.38,37.89810902365126,10.93409097178622
2016-07-01,2016,July,114106.71,3214.21,117320.92,40935.33,7042.28,47977.61,-69343.31,40.894334957482435,14.678263464978766
2016-08-01,2016,August,129382.84,3541.09,132923.93,41026.92,6057.2,47084.12,-85839.82,35.42185368729318,12.864634615662348
2016-09-01,2016,September,119986.62,4441.24,124427.85,39975.14,5927.69,45902.84,-78525.01,36.89113008060494,12.913558289639596
2016-10-01,2016,October,111324.56,3852.81,115177.36,35540.71,6509.08,42049.79,-73127.57,36.50872879878476,15.479458993731003
2016-11-01,2016,November,123410.84,5920.78,129331.62,44794.89,4857.12,49652.01,-79679.61,38.39123796639986,9.782323011696807
2016-12-01,2016,December,120695.11,2319.38,123014.49,42510.41,4173.42,46683.82,-76330.67,37.94985452526771,8.939756857943502
2017-01-01,2017,January,148009.44,2724.69,150734.13,43704.1,5129.89,48834.0,-101900.14,32.39744044696447,10.504750788385142
2017-02-01,2017,February,128435.78,2404.74,130840.52,43846.59,4110.05,47956.64,-82883.88,36.652743355040165,8.570346045928154
2017-03-01,2017,March,138293.12,2836.15,141129.27,47482.41,6569.1,54051.51,-87077.75,38.299291139251274,12.15340700010046
2017-04-01,2017,April,127450.25,1611.17,129061.41,39102.74,5709.21,44811.95,-84249.46,34.72141672712238,12.7403739404333
2017-05-01,2017,May,148238.27,3183.91,151422.18,46927.55,5742.55,52670.1,-98752.08,34.78360964027859,10.902865192965269
2017-06-01,2017,June,138522.1,4491.44,143013.54,46416.5,5157.43,51573.93,-91439.61,36.062270747231345,10.000071741672587
2017-07-01,2017,July,158714.57,6858.92,165573.49,47369.93,5551.36,52921.29,-112652.21,31.96241741356059,10.489842556747954
2017-08-01,2017,August,140867.57,3423.21,144290.78,37199.0,4465.27,41664.27,-102626.51,28.87521295539465,10.717264457051572
2017-09-01,2017,September,139883.3,1903.62,141786.92,45604.6,4771.28,50375.88,-91411.04,35.52928577614916,9.47135811821054
2017-10-01,2017,October,142546.47,5310.1,147856.57,43195.02,5890.41,49085.43,-98771.14,33.19800398453718,12.00032270268387
2017-11-01,2017,November,134717.95,3432.76,138150.71,45182.26,5692.39,50874.65,-87276.06,36.82547125526898,11.189049949237981
2017-12-01,2017,December,138225.62,3537.41,141763.04,44586.49,4722.36,49308.85,-92454.19,34.782585080003926,9.577104312917458
2018-01-01,2018,January,149888.71,7628.23,157516.94,46228.7,7219.43,53448.13,-104068.81,33.93167109518506,13.50735750717565
2018-02-01,2018,February,125935.21,3008.07,128943.27,49398.06,7873.08,57271.15,-71672.13,44.415772920913206,13.747026207785245
2018-03-01,2018,March,144951.21,7087.3,152038.51,46311.54,4682.59,50994.13,-101044.38,33.54027213236962,9.182605919544073
2018-04-01,2018,April,145395.49,4606.59,150002.08,43138.42,6909.26,50047.68,-99954.4,33.36465734341817,13.805355213268628
2018-05-01,2018,May,161641.81,6378.29,168020.1,47728.87,7585.46,55314.34,-112705.77,32.92126358691609,13.713369806093684
2018-06-01,2018,June,138112.87,4412.62,142525.5,48724.34,4194.91,52919.25,-89606.25,37.12967153246261,7.927001988879283
2018-07-01,2018,July,149075.26,3572.63,152647.89,46391.15,6494.4,52885.55,-99762.34,34.64545104422996,12.280102977089204
2018-08-01,2018,August,147092.45,2214.52,149306.97,43297.56,7689.34,50986.9,-98320.08,34.14904207084237,15.081011004787504
2018-09-01,2018,September,125179.11,4616.95,129796.06,42637.03,4139.99,46777.02,-83019.04,36.03885973118136,8.850478290408411
2018-10-01,2018,October,147209.94,2036.25,149246.19,44137.99,5821.78,49959.78,-99286.41,33.47474397838899,11.65293361980377
2018-11-01,2018,November,146851.7,6640.09,153491.79,44073.6,4241.97,48315.57,-105176.22,31.477624959615103,8.779716352306306
2018-12-01,2018,December,121185.02,5501.02,126686.03,39402.15,4606.98,44009.13,-82676.9,34.73873954373659,10.468236931745754
2019-01-01,2019,January,168625.38,3478.17,172103.55,46362.68,23649.75,70012.44,-102091.12,40.68041594725966,33.77935406907687
2019-02-01,2019,February,153694.5,2182.77,155877.27,44521.81,20333.82,64855.64,-91021.64,41.6068616033627,31.352431338276826
2019-03-01,2019,March,135515.58,3447.05,138962.63,46599.76,19997.65,66597.41,-72365.22,47.924690256653896,30.027669244194332
2019-04-01,2019,April,163403.22,1952.89,165356.11,43355.29,21302.61,64657.9,-100698.21,39.10221400346199,32.946646890789836
2019-05-01,2019,May,169728.29,4007.19,173735.49,39682.45,25496.2,65178.66,-108556.83,37.51603083515061,39.117404377445006
2019-06-01,2019,June,162828.32,1911.06,164739.38,45771.01,20967.45,66738.47,-98000.91,40.51154617675506,31.417336957230212
2019-07-01,2019,July,163026.44,6724.24,169750.68,40547.21,26201.55,66748.77,-103001.91,39.32165102372492,39.253981758764986
2019-08-01,2019,August,157393.78,2645.19,160038.97,44613.61,20258.57,64872.18,-95166.8,40.53523963569623,31.228440295978956
2019-09-01,2019,September,163586.29,1585.54,165171.83,40099.57,22908.78,63008.35,-102163.48,38.147152574382694,36.35832393643065
2019-10-01,2019,October,170156.61,4500.78,174657.4,45454.98,21589.18,67044.16,-107613.24,38.386097583039714,32.20143260800046
2019-11-01,2019,November,171308.63,2910.54,174219.17,43825.33,23473.18,67298.51,-106920.66,38.62864804142965,34.87919717687658
2019-12-01,2019,December,167431.89,4463.04,171894.92,38656.3,21338.37,59994.67,-111900.25,34.90194474624381,35.56710954489791
2020-01-01,2020,January,170199.32,2748.59,172947.91,47325.13,23748.27,71073.4,-101874.51,41.09526388610305,33.41372440322259
2020-02-01,2020,February,146718.0,3018.23,149736.23,47784.5,29869.26,77653.76,-72082.47,51.86036806189123,38.464666746336555
2020-03-01,2020,March,149208.26,4174.52,153382.78,49917.32,30612.76,80530.08,-72852.7,52.50268641629784,38.01406878026199
2020-04-01,2020,April,123072.39,2852.78,125925.17,40655.39,12521.54,53176.94,-72748.23,42.228999968790994,23.54693594629552
2020-05-01,2020,May,108390.05,7315.59,115705.64,41785.31,11958.43,53743.75,-61961.89,46.44868651173789,22.250829166182115
2020-06-01,2020,June,126648.6,4259.41,130908.02,44477.15,13733.08,58210.22,-72697.79,44.46650403848443,23.592214563009726
2020-07-01,2020,July,143474.7,5451.05,148925.76,45658.89,15824.88,61483.76,-87441.99,41.284838835135034,25.73830878267692
2020-08-01,2020,August,141919.59,7933.27,149852.86,49828.12,16779.54,66607.66,-83245.2,44.448707885855505,25.19160709143663
2020-09-01,2020,September,148209.69,5586.6,153796.29,48314.0,18726.58,67040.58,-86755.71,43.59050533663718,27.93320105524147
2020-10-01,2020,October,151334.44,5224.07,156558.51,49268.04,15942.86,65210.9,-91347.61,41.652734175868176,24.448152072736306
2020-11-01,2020,November,146805.4,3422.5,150227.91,47390.54,15389.22,62779.76,-87448.14,41.78967809643361,24.513027765636565
2020-12-01,2020,December,170880.69,3643.12,174523.81,52301.77,18452.07,70753.84,-103769.98,40.54108147192065,26.079248843596336
2021-01-01,2021,January,168721.33,4448.1,173169.43,49570.48,18058.74,67629.22,-105540.21,39.05378680290165,26.70257027953302
2021-02-01,2021,February,170217.14,3210.3,173427.44,58976.81,22669.31,81646.12,-91781.32,47.07797105233174,27.765324304449496
2021-03-01,2021,March,199169.44,6107.27,205276.71,61680.91,26384.48,88065.38,-117211.33,42.90081422290917,29.96010464043873
2021-04-01,2021,April,177154.38,3308.88,180463.26,53337.49,24658.06,77995.55,-102467.72,43.21962819468073,31.61470109512658
2021-05-01,2021,May,173336.22,6105.27,179441.49,56884.67,24201.6,81086.27,-98355.22,45.18813904186819,29.846729908774932
2021-06-01,2021,June,170187.83,9483.88,179671.72,52266.76,24644.89,76911.65,-102760.07,42.806764470223804,32.0431170050311
2021-07-01,2021,July,187660.28,4769.47,192429.75,54729.64,20067.91,74797.55,-117632.19,38.87005517597981,26.829635462658867
2021-08-01,2021,August,184133.24,5958.54,190091.79,55120.28,23611.54,78731.83,-111359.96,41.41779610786978,29.989827494165954
2021-09-01,2021,September,201845.19,7867.48,209712.67,48742.21,24635.94,73378.15,-136334.52,34.98985063706451,33.573945377472725
2021-10-01,2021,October,191167.65,12268.81,203436.46,58752.27,22724.59,81476.86,-121959.6,40.05027417405907,27.890851463838935
2021-11-01,2021,November,206559.95,5942.95,212502.9,55310.88,29826.63,85137.52,-127365.38,40.064168536052925,35.03347290360349
2021-12-01,2021,December,217562.54,10215.98,227778.52,57700.09,33184.21,90884.3,-136894.22,39.900294373674924,36.51258798274289
2022-01-01,2022,January,206582.89,10275.82,216858.71,53188.66,28766.45,81955.11,-134903.61,37.79193835470109,35.10025183298516
2022-02-01,2022,February,201222.9,7058.11,208281.01,61194.39,33640.5,94834.89,-113446.12,45.53218269874915,35.47270419146371
2022-03-01,2022,March,233327.57,11747.37,245074.94,67480.7,41603.32,109084.03,-135990.91,44.51047912120268,38.138781634671915
2022-04-01,2022,April,223353.98,4462.13,227816.11,62506.98,38318.86,100825.84,-126990.27,44.2575549200625,38.004999512029855
2022-05-01,2022,May,254294.1,4479.54,258773.65,70595.25,31556.15,102151.39,-156622.26,39.47518999712683,30.891552234384672
2022-06-01,2022,June,256576.82,5968.85,262545.67,69852.47,45279.24,115131.71,-147413.96,43.8520696227822,39.32820940468964
2022-07-01,2022,July,240680.82,8144.15,248824.96,67974.82,42824.45,110799.27,-138025.69,44.52900143136766,38.65048027843505
2022-08-01,2022,August,267931.83,5539.25,273471.08,61677.24,43290.5,104967.75,-168503.34,38.383491958272145,41.24171471713931
2022-09-01,2022,September,224512.87,6913.39,231426.26,69019.65,34299.73,103319.37,-128106.88,44.64461811723527,33.19777307972359
2022-10-01,2022,October,213418.2,3505.82,216924.02,60319.56,35195.97,95515.53,-121408.48,44.03179048590378,36.848426638055614
2022-11-01,2022,November,216237.7,4533.44,220771.14,67406.86,36151.2,103558.06,-117213.07,46.90742639640308,34.90911282038308
2022-12-01,2022,December,224753.24,4198.25,228951.48,63794.14,33928.94,97723.07,-131228.41,42.6828732445844,34.71947821532827
2023-01-01,2023,January,219889.27,3103.14,222992.42,65280.63,36197.34,101477.98,-121514.44,45.50736747015885,35.67014242892891
2023-02-01,2023,February,204524.91,2409.62,206934.53,71462.57,36844.17,108306.74,-98627.78,52.3386502967871,34.01835379774148
2023-03-01,2023,March,250427.22,3862.48,254289.7,75632.08,43759.03,119391.1,-134898.59,46.95082026523292,36.65183585711163
2023-04-01,2023,April,244174.39,4471.64,248646.03,66994.94,43924.92,110919.86,-137726.17,44.60954393681653,39.600590913115106
2023-05-01,2023,May,262531.86,9010.02,271541.89,79690.16,52417.58,132107.74,-139434.15,48.65096136732346,39.67790229399126
2023-06-01,2023,June,247893.62,4330.68,252224.29,77679.64,50942.38,128622.02,-123602.27,50.9950964675131,39.60626648531876
2023-07-01,2023,July,230973.43,3145.78,234119.21,74629.63,50094.58,124724.22,-109394.99,53.27380867208633,40.16427603235362
2023-08-01,2023,August,277013.97,3701.48,280715.45,81833.85,52979.53,134813.37,-145902.07,48.024919896642665,39.29842418448556
2023-09-01,2023,September,257757.58,4372.59,262130.17,75877.04,61842.15,137719.19,-124410.98,52.53847353778468,44.90452637718825
2023-10-01,2023,October,285499.05,3013.06,288512.11,74806.28,58604.46,133410.73,-155101.38,46.24094635057087,43.927845983602666
2023-11-01,2023,November,293572.54,15142.37,308714.91,79734.51,57749.71,137484.22,-171230.69,44.534363435831466,42.004609692661454
2023-12-01,2023,December,259603.64,5513.61,265117.25,77412.75,51527.37,128940.13,-136177.13,48.6351340774695,39.96224449285106
2024-01-01,2024,January,286047.1,13060.38,299107.48,79679.55,65581.95,145261.5,-153845.98,48.56498406525975,45.14750983571008
2024-02-01,2024,February,266390.11,13120.58,279510.69,89806.12,69029.14,158835.26,-120675.43,56.82618435810094,43.459581959320616
2024-03-01,2024,March,241594.36,7136.96,248731.32,84346.42,54041.5,138387.92,-110343.4,55.63751279895109,39.05073506415878
2024-04-01,2024,April,268280.12,7773.23,276053.35,74620.14,61126.46,135746.6,-140306.75,49.174045524171326,45.02982763472529
2024-05-01,2024,May,252131.44,6018.55,258149.99,75406.66,65282.39,140689.05,-117460.94,54.49895620759079,46.401898370910885
2024-06-01,2024,June,244227.96,7048.98,251276.95,71911.68,57928.49,129840.17,-121436.78,51.67213705833345,44.615229631939016
2024-07-01,2024,July,260401.31,5511.53,265912.84,80488.13,56784.14,137272.27,-128640.56,51.62303181749327,41.36606759690068
2024-08-01,2024,August,265061.07,9837.69,274898.75,79206.24,62512.59,141718.83,-133179.93,51.55310091442759,44.11029218911841
2024-09-01,2024,September,247174.7,10667.36,257842.06,76595.67,52466.45,129062.12,-128779.94,50.054719544204694,40.65209063666396
2024-10-01,2024,October,257684.65,24791.44,282476.09,69866.63,56293.32,126159.94,-156316.14,44.6621659199545,44.620598265978884
2024-11-01,2024,November,262058.66,3639.44,265698.1,76061.09,47682.86,123743.95,-141954.15,46.57314071873303,38.53348789981248
2024-12-01,2024,December,255733.28,2340.81,258074.09,69124.1,48364.57,117488.67,-140585.42,45.525170698073566,41.16530555669751
