year,month,coffee,tea,petroleum,chemicals,fish,horticulture,cement,other,total
2025,August,2447.33,14648.29,1485.2,5858.56,305.5,12810.93,198.8,37403.78,75158.39
2025,January,3440.12,15502.69,982.1080427,5838.58,331.7164076,11585.53,219.9697321,37598.39,75499.1
2025,February,5533.27,15635.91,1159.193253,6218.11,374.0944689,14186.33,165.2825138,36833.51,80105.7
2025,March,6980.68,14940.7,1042.588773,5857.65,290.2534641,14256.64,276.2363998,38040.97,81685.71
2025,April,7909.03,16059.59,1302.78254,6940.97,517.8264473,14052.28,257.0032776,41876.37,88915.86
2025,May,7455.9,15353.35,1057.895839,6309.69,419.0997057,15303.61,228.9354343,39377.13,85505.6
2025,June,4685.83,12628.01,1118.19,6886.01,209.07,14473.28,196.32,35741.22,75937.91
2025,July,2565.16,15628.91,1226.37,6415.56,241.43,14464.27,310.7,41175.54,82027.95
2024,January,2413.71,18267.6,965.8848691,6676.32,998.9259632,12232.17,566.7549684,37558.17,79679.55
2024,February,2284.11,20429.82,1319.47,8178.67,440.8915495,16965.45,659.9216219,39527.79,89806.12
2024,March,3528.04,19070.04,1306.62,7306.4,350.4197678,15928.47,697.7135267,36158.72,84346.42
2024,April,4111.96,17337.26,1220.69,6500.75,326.7471313,12036.43,506.5225998,32579.78,74620.14
2024,May,3747.46,15610.13,1358.7,6851.9,380.2896783,12876.5,410.3230233,34171.35,75406.66
2024,June,4211.56,11752.08,1104.31,6926.64,394.2229708,11495.97,333.0739368,35693.83,71911.68
2024,July,5037.44,15518.53,1213.57,7161.35,886.3827529,13475.67,253.9401697,36941.25,80488.13
2024,December,2025.08,13808.09,1064.54,5356.63,405.9240937,10919.32,110.2090391,35434.31,69124.1
2024,November,3089.31,15546.36,985.9199404,7276.92,529.4823015,11445.05,199.1753848,36988.88,76061.09
2024,October,2536.86,12514.52,1103.07,6211.95,421.4970451,13112.64,230.149005,33735.94,69866.63
2024,September,3561.24,14395.84,1412.07,8383.7,427.5376566,13918.86,209.22232,34287.2,76595.67
2024,August,3859.65,14713.16,1388.67,7436.18,296.1020307,13853.28,264.1527453,37395.05,79206.24
2023,April,4111.12,12179.71,1037.58,5643.48,879.643238,12170.07,379.8327536,30593.49,66994.94
2023,May,4839.14,16176.45,1239.08,8061.85,444.960206,12790.87,595.9302795,35541.88,79690.16
2023,June,5186.01,15446.15,1129.54,6359.78,548.2459179,12043.45,448.6438545,36517.82,77679.64
2023,July,4368.48,12910.37,1152.3,7689.25,569.5921112,12512.15,539.9029827,34887.59,74629.63
2023,August,3416.31,20193.05,1188.52,7496.22,423.7447444,13851.44,553.4331235,34711.12,81833.85
2023,September,2255.48,17254.77,1132.07,7123.04,568.3513843,13011.65,500.8083137,34030.86,75877.04
2023,November,1607.71,17767.98,1122.02,7935.03,576.7333867,11288.29,412.3742773,39024.37,79734.51
2023,December,1486.78,17283.71,4043.63,6499.39,579.6303388,10947.46,482.6520072,36089.51,77412.75
2023,March,4099.69,16216.54,964.9529558,7689.15,508.6990539,11418.37,421.6091678,34313.06,75632.08
2023,February,2684.98,13510.62,1165.36,7023.6,581.9494723,11067.44,375.303214,35053.32,71462.57
2023,January,1350.34,13519.65,954.9203092,5390.03,549.7401169,9989.3,518.5358029,33008.13,65280.63
2023,October,1384.31,16111.63,1100.55,8090.66,439.9252211,12660.84,654.417874,34363.94,74806.28
2022,January,2721.26,12642.48,608.0386689,3600.24,181.8170389,10330.24,129.3637259,22975.22,53188.66
2022,February,3689.12,13303.4,631.5304657,4297.09,296.6186361,10732.68,200.082236,28043.87,61194.39
2022,March,3578.34,13568.47,682.3487524,6360.07,542.4137013,11377.2,363.3356551,31008.53,67480.7
2022,April,4476.06,12769.02,601.4194335,6298.58,583.2481356,10462.45,295.6388055,27020.56,62506.98
2022,May,4877.93,13776.91,867.2374813,6056.14,354.9702249,11833.22,323.2446205,32505.6,70595.25
2022,June,3835.7,13729.67,685.8989835,5978.09,417.3342438,10118.42,651.6839761,34435.67,69852.47
2022,July,3980.87,13452.76,618.0737502,7154.5,462.9041486,9941.35,338.4805434,32025.88,67974.82
2022,August,2667.57,12589.18,894.1317021,6195.15,344.4883401,9322.25,359.5971635,29304.87,61677.24
2022,September,2471.76,14164.79,2499.22,7317.98,395.8059918,8860.34,398.4950365,32911.26,69019.65
2022,October,2413.28,12229.47,682.9949319,5907.99,598.3437537,9491.54,320.6625918,28675.29,60319.56
2022,November,2519.06,16009.62,681.6256456,5574.6,760.8386947,8814.94,312.1905202,32733.99,67406.86
2022,December,1517.28,14885.43,773.1641465,6828.76,654.6447466,8951.76,282.0414696,29901.07,63794.14
2021,May,3138.02,11070.79,255.1594187,4743.07,209.8715962,11435.15,115.1500158,25917.46,56884.67
2021,April,2399.73,11575.75,557.9215843,4396.71,264.4769683,11619.83,107.5104688,22415.56,53337.49
2021,March,4654.0,12704.53,545.307554,4806.75,247.4350998,13514.91,90.01587982,25117.96,61680.91
2021,February,2228.16,11725.86,532.1671674,4338.79,318.7580876,14800.37,90.13526202,24942.57,58976.81
2021,January,1380.63,11378.64,129.586462,3600.71,279.5936547,11054.99,62.2481539,21684.08,49570.48
2021,June,2346.03,9512.81,548.6275927,4417.08,127.6010722,10647.8,130.0261915,24536.78,52266.76
2021,July,1863.14,9195.4,657.0570837,5605.82,240.6917222,10595.66,140.944674,26430.93,54729.64
2021,August,1762.31,9874.4,665.7115069,5513.28,193.819779,9732.79,173.5276188,27204.44,55120.28
2021,September,1813.94,8565.59,479.2582459,4961.89,240.7177846,9898.07,108.4300902,22674.31,48742.21
2021,October,1724.57,10318.73,272.3140961,5602.68,295.2169517,9967.34,207.9251566,30363.49,58752.27
2021,November,1875.94,12132.01,702.5015202,4713.7,467.0780797,10507.14,208.860143,24703.65,55310.88
2021,December,2039.01,12719.47,565.5418541,4481.4,524.9864919,9455.3,148.799579,27765.57,57700.09
2020,December,1392.71,10300.58,508.9912503,4893.7,225.087599,11278.55,73.47470984,23628.67,52301.77
2020,November,1883.97,10610.96,264.9218795,4303.31,273.9373419,9519.54,76.42371698,20457.49,47390.54
2020,October,1387.85,9937.34,813.5652564,4352.22,293.6693105,11179.49,94.96919735,21208.95,49268.04
2020,March,2514.24,11665.48,182.2937157,4211.66,219.6428298,9972.02,110.4747664,21041.52,49917.32
2020,September,1684.37,10199.89,471.2602937,4317.09,275.2947575,9493.25,269.5872045,21603.26,48314.0
2020,January,1033.21,11452.01,464.8703003,3439.07,306.8347036,8440.2,29.99031407,22158.95,47325.13
2020,February,1751.84,11021.86,641.6451907,4832.26,234.3944953,9958.0,32.45231134,19312.06,47784.5
2020,April,2627.59,13216.71,315.4831397,3142.53,218.5373378,7675.41,35.94374535,13423.2,40655.39
2020,May,2299.07,11289.33,311.4165588,3614.87,211.3090755,8355.62,39.18605417,15664.52,41785.31
2020,June,2992.45,10293.0,254.9876299,3919.1,133.4068852,8239.69,41.35759881,18603.15,44477.15
2020,July,1872.79,10013.82,736.5975551,4112.31,209.7778528,9301.69,67.60760613,19344.3,45658.89
2020,August,1545.34,10269.11,686.7769695,4358.49,124.0509953,9773.34,210.3121253,22860.7,49828.12
2019,January,1531.19,11831.3,252.7727466,3753.83,285.736783,9575.5,40.91362481,19091.44,46362.68
2019,February,1910.22,9638.24,217.9302256,3804.65,208.6357301,10219.71,34.59809185,18487.83,44521.81
2019,March,2298.02,9910.41,265.8329914,3797.56,355.1503947,9893.71,36.11390712,20042.97,46599.76
2019,April,2521.75,8630.54,287.2272772,3877.94,401.3646269,8288.36,37.21657923,19310.9,43355.29
2019,June,1993.58,7154.11,98.50353996,3830.74,345.8306383,11209.32,173.0640412,20965.87,45771.01
2019,July,1762.98,7788.4,160.219444,4459.67,158.3282254,8275.06,36.62654345,17905.93,40547.21
2019,August,1492.91,9458.09,1724.21,3896.43,185.2771115,8636.36,39.43866591,19180.89,44613.61
2019,May,2751.65,9292.8,266.7447206,3682.55,338.8042724,6298.33,40.38138547,17011.2,39682.45
2019,December,681.47,9483.99,311.0676768,3383.43,201.9307107,6635.73,44.97148239,17913.71,38656.3
2019,November,1258.58,10735.39,457.2886227,3236.53,345.8652164,8629.18,58.32067022,19104.17,43825.33
2019,October,1464.8,11113.27,658.3334479,4272.88,270.6729874,8119.98,66.3712222,19488.67,45454.98
2019,September,1240.92,8481.6,587.4904881,3630.81,309.9514924,7147.43,46.7886587,18654.57,40099.57
2018,February,1615.5,14964.45,468.84,3753.02,251.44,10843.75,138.92,18554.93,49398.06
2018,March,2258.34,14656.94,485.47,3887.51,270.45,10960.21,150.47,18770.1,46311.54
2018,April,2911.45,10470.94,153.6,3645.95,259.04,9853.26,225.12,16976.79,43138.42
2018,May,3230.83,9829.58,555.78,3512.07,317.84,10064.39,189.05,18904.14,47728.87
2018,June,2701.74,11703.03,449.94,3663.28,199.65,9781.59,101.03,19978.09,48724.34
2018,July,2525.1,12463.24,433.19,3907.22,264.05,10687.42,99.87,16931.89,46391.15
2018,August,1572.17,12226.12,232.53,4462.9,214.18,8758.05,89.32,18557.76,43297.56
2018,January,1292.68,13634.34,154.21,3221.22,144.74,9041.37,238.86,18501.27,46228.7
2018,December,932.61,11014.55,121.57,3462.76,259.72,8089.82,62.74,17596.33,39402.15
2018,November,1775.08,11327.26,311.52,4176.76,267.53,7801.79,48.54,19437.67,44073.6
2018,October,1499.46,10478.62,432.39,3924.41,320.88,9320.82,65.26,18103.83,44137.99
2018,September,1174.08,9919.47,382.01,3840.74,205.45,9817.78,73.42,17455.62,42637.03
2017,January,1564.66,14072.07,390.06,2838.68,138.84,6875.93,281.35,17542.51,43704.1
2017,March,3238.27,10693.17,494.7,4202.72,257.77,7956.14,305.14,20334.5,47482.41
2017,April,2728.1,9991.02,350.26,3384.39,194.65,7294.39,358.31,14801.62,39102.74
2017,May,3168.0,12354.06,611.94,3099.13,141.05,8950.78,365.34,18237.25,46927.55
2017,June,2505.69,13485.25,474.07,3651.57,135.7,8157.29,180.83,17826.1,46416.5
2017,February,2110.8,10879.8,429.98,3300.92,195.94,8506.4,290.83,18131.92,43846.59
2017,August,1335.12,9268.76,374.1,3674.36,107.96,7462.36,257.3,14719.03,37199.0
2017,July,1986.72,13442.3,359.08,4071.21,197.92,8477.1,252.88,18582.72,47369.93
2017,December,794.92,13634.34,356.05,3509.49,168.84,7831.07,455.58,17836.21,44586.49
2017,November,1610.64,12712.92,482.22,3780.36,231.26,7824.02,196.79,18344.05,45182.26
2017,October,1154.2,13147.28,422.28,3016.96,191.8,8363.82,341.2,16557.48,43195.02
2017,September,1556.85,13569.85,490.05,3628.66,163.03,7075.75,219.63,18900.78,45604.6
2016,July,1820.04,10679.32,315.72,3575.82,139.72,7318.8,219.5,16866.4,40935.33
2016,February,1642.47,12200.37,323.43,3274.19,143.09,7342.07,321.13,17708.74,42955.5
2016,March,2212.2,9886.75,81.42,4961.91,201.39,9493.3,561.02,19111.31,46509.3
2016,April,2558.83,9516.83,474.44,3884.03,118.35,8467.28,316.43,17492.58,42828.78
2016,May,2176.77,10657.68,416.44,3940.0,97.48,7899.01,343.95,19966.34,45497.69
2016,January,1200.51,11013.11,339.59,3149.76,215.76,7787.81,700.18,16625.11,41031.83
2016,June,2370.94,12613.19,562.22,3582.19,130.55,6846.35,432.08,16403.8,42941.32
2016,August,1649.27,9993.35,418.02,3427.44,116.26,7453.42,344.62,17624.53,41026.92
2016,September,1414.13,8453.73,452.52,3223.41,171.69,7563.37,239.02,18457.27,39975.14
2016,October,1502.39,7547.5,399.03,2998.36,170.94,6510.08,210.0,16202.42,35540.71
2016,November,1715.41,11123.43,365.43,3495.86,194.42,9039.86,385.24,18475.24,44794.89
2016,December,1298.81,10811.39,384.13,3440.32,199.27,6689.8,287.0,19399.67,42510.41
2015,May,2242.95,7505.7,417.24,3454.08,302.39,6607.97,546.45,16319.6,37396.38
2015,April,1907.06,7189.14,366.26,3300.57,276.97,5628.86,655.77,15036.16,34360.79
2015,March,2035.37,8796.1,562.75,3186.15,391.17,7235.13,769.89,17670.14,40646.69
2015,February,1347.34,9313.37,500.65,3018.0,337.07,6979.27,622.08,16096.76,38214.53
2015,January,1313.04,8484.74,638.6,2660.49,196.96,6023.8,581.22,16465.43,36364.27
2015,June,2078.74,11262.8,645.55,3693.19,338.68,5553.61,697.0,17414.67,41684.25
2015,July,1958.72,10146.37,1109.98,5425.69,313.71,9173.94,1413.2,20866.33,50407.94
2015,August,1808.14,9480.99,737.17,3724.07,283.88,10316.04,868.71,19629.79,46848.79
2015,September,1631.45,11412.84,394.77,3938.34,246.09,7493.18,516.03,16702.26,42334.96
2015,October,2030.44,13538.28,306.67,3820.82,273.27,7968.31,336.32,18151.32,46425.42
2015,November,1256.4,12125.96,388.39,3576.71,147.36,5889.08,355.6,18563.44,42302.94
2015,December,1105.53,13768.24,432.16,3231.05,179.01,5996.42,359.07,17649.88,42721.35
2014,May,2024.2,7380.01,294.11,3061.92,518.21,6975.0,297.19,18322.12,38872.75
2014,April,2013.3,7781.67,835.85,3182.69,364.44,6345.02,399.27,17823.93,38746.16
2014,March,1533.16,7937.6,333.73,3879.47,364.21,7412.97,614.72,18936.54,41012.4
2014,February,1117.56,7316.65,195.9,3214.32,503.68,6537.46,877.31,16668.72,36431.59
2014,January,1054.78,8784.3,305.13,3100.68,413.36,6490.93,738.64,17074.64,37962.47
2014,June,2043.48,7692.29,242.51,3318.61,374.18,6775.55,247.0,17160.07,37853.69
2014,July,2383.38,8468.02,106.29,2723.55,201.24,6897.43,449.41,13681.46,34910.79
2014,August,1473.61,7974.18,1696.51,3661.8,276.08,6091.82,566.35,18101.74,39842.11
2014,September,1721.98,7243.6,266.74,3928.16,244.24,6770.65,632.93,17028.0,37836.31
2014,October,1645.09,7243.6,268.5,2958.02,438.08,6582.99,779.24,17583.74,37499.26
2014,November,1747.0,7594.57,440.38,3427.2,283.09,6282.92,711.17,16233.67,36720.0
2014,December,1192.25,8378.56,880.27,2878.85,272.96,6053.85,540.56,16643.18,36841.48
2013,May,1789.84,9462.91,308.81,3358.8,342.94,6748.16,791.45,17021.67,39824.58
2013,April,1361.5,8011.89,309.41,3419.88,246.97,6030.01,630.63,18764.59,38774.88
2013,March,1187.78,8618.76,428.69,2970.76,152.87,6803.28,881.74,17111.26,38155.14
2013,February,1429.4,10070.72,501.02,4218.39,196.63,7803.44,534.48,18391.9,43145.97
2013,January,1061.68,11383.18,436.52,3753.97,292.9,6535.94,550.01,18956.31,42970.51
2013,June,1778.29,8515.09,284.44,3122.36,282.23,6140.88,628.02,15119.46,35870.76
2013,July,1555.79,9911.04,453.17,3508.01,270.72,5768.43,837.66,17150.43,39455.24
2013,August,1409.0,8236.43,276.39,3440.25,220.69,5475.95,649.29,16298.08,36006.07
2013,September,1436.11,7635.43,272.39,3544.81,263.6,5858.57,733.59,16476.01,36220.53
2013,October,1302.88,6976.96,288.55,3131.49,377.3,6941.38,802.74,16607.2,36428.49
2013,November,1153.06,7834.28,239.53,3356.49,351.97,6380.64,723.38,17320.69,37360.04
2013,December,862.28,7991.38,223.34,3324.7,363.29,6511.66,532.69,16042.59,35851.93
2012,June,2098.23,7770.21,336.19,4052.51,561.83,4771.01,754.92,18480.91,38825.81
2012,April,2368.73,6751.14,398.88,3392.51,292.87,6411.75,609.71,15712.7,35938.29
2012,March,2550.36,7804.17,588.33,4796.03,538.41,5526.08,834.03,18796.39,41433.8
2012,February,1937.39,9414.52,782.31,3915.79,463.4,5132.13,616.33,19482.19,41744.07
2012,January,1453.7,9122.77,620.42,4310.97,478.12,4663.35,958.94,18867.94,40476.21
2012,May,2274.55,6445.25,423.12,4501.14,444.36,5404.49,907.68,18982.6,39383.19
2012,July,2396.94,7812.63,381.98,3913.07,444.84,6012.41,695.72,18716.76,40374.35
2012,August,1712.05,8798.04,660.01,3515.74,601.82,5926.77,649.63,18502.73,40366.78
2012,September,1595.19,8771.26,656.45,3799.74,392.8,5805.44,648.36,17726.43,39395.65
2012,October,1689.74,9447.46,827.82,4104.95,396.03,7157.27,585.49,19131.15,43339.92
2012,November,1453.11,10840.44,494.8,3528.11,533.81,5648.96,402.5,19323.6,42225.34
2012,December,740.42,8462.95,413.61,2939.97,243.4,5970.26,489.44,16942.41,36202.46
2011,May,1963.42,7824.58,884.84,3749.43,406.42,6543.1,598.44,16864.6,38834.83
2011,April,2294.16,7900.21,928.99,3603.17,388.48,6431.76,617.82,15372.01,37536.6
2011,March,651.06,8890.03,1096.7,4220.8,414.47,6978.73,876.29,18212.56,41340.64
2011,February,1670.77,7223.16,852.36,3338.39,280.51,6296.13,511.48,16388.18,36560.99
2011,January,1282.01,7871.3,1126.25,3288.5,391.59,5465.07,596.16,13771.59,33792.47
2011,June,1322.05,8906.88,1040.93,4576.1,339.78,6471.25,901.75,17814.88,41373.62
2011,July,1748.51,9266.19,756.69,4805.96,312.74,5282.89,891.39,17859.43,40923.81
2011,August,1955.38,9332.82,1141.59,4240.56,370.47,5557.92,811.93,20627.74,44038.41
2011,September,2161.41,7686.41,621.9,4479.45,532.2,6285.8,1458.99,20254.12,43480.28
2011,October,2133.49,8855.27,406.98,4652.31,598.51,6344.71,427.98,19827.0,43246.25
2011,November,1172.97,9333.63,718.22,4169.12,533.07,5899.09,648.32,19975.19,42449.61
2011,December,940.4,9145.08,539.05,4405.19,387.24,4487.97,557.46,18901.4,39363.78
2010,May,1588.34,7962.34,715.16,2797.97,339.88,5663.81,447.09,11813.97,31328.55
2010,April,1565.79,6629.38,399.91,2374.52,371.98,4605.82,316.72,12437.52,28701.64
2010,March,1678.92,8454.29,507.98,2505.06,497.54,5890.67,885.99,12755.06,33175.5
2010,February,1197.18,8994.51,518.32,3181.95,339.31,4697.08,1003.12,11239.82,31171.29
2010,January,689.39,8559.19,407.76,2188.15,322.36,4837.01,245.58,11064.66,28314.12
2010,June,1646.86,8118.26,609.75,2817.26,436.1,5348.15,450.61,12329.31,31756.29
2010,July,1831.0,8119.65,1616.78,2645.56,552.08,5115.24,778.48,12515.99,33174.79
2010,December,867.03,8021.79,503.93,3504.33,385.67,6226.53,973.2,17887.32,38369.82
2010,November,1248.96,8090.72,359.14,4148.84,482.48,6594.43,470.38,14696.93,36091.88
2010,October,1226.8,5673.77,375.73,2901.13,430.98,5748.7,539.45,13005.87,29902.42
2010,September,1904.7,6405.49,396.5,2914.98,383.14,5628.95,787.44,14156.9,32578.09
2010,August,1055.81,6587.95,482.87,817.44,487.77,4490.0,500.99,14312.33,28735.17
2009,December,764.99,7037.08,693.95,2488.23,267.06,5559.58,659.73,11761.56,29232.19
2009,November,722.68,7192.73,399.44,2720.92,484.46,4296.38,1081.16,10891.54,27789.32
2009,October,980.47,5559.97,494.85,2686.32,403.18,4256.9,441.45,11938.81,26761.95
2009,September,1298.92,6464.88,1475.4,2746.64,345.85,4212.57,513.22,10779.49,27836.97
2009,August,1365.37,5003.24,457.9,2639.41,529.32,3563.48,404.61,10690.45,24653.78
2009,January,1023.15,6138.5,601.65,2402.48,249.36,4531.97,476.79,10696.9,26120.79
2009,February,1212.64,5110.65,602.0,2125.87,266.22,4659.3,1388.04,11997.43,27362.15
2009,March,1498.48,5473.25,310.46,2940.98,417.18,4861.44,699.62,12646.53,28847.95
2009,April,1606.41,4237.98,371.07,2571.76,404.26,4442.57,768.68,10804.22,25206.94
2009,May,1865.19,4484.77,512.26,2608.4,267.98,3845.63,426.15,10515.08,24525.44
2009,June,1843.25,5516.61,592.79,2573.3,258.07,4453.46,318.48,11314.77,26870.74
2009,July,1451.71,6548.55,624.54,2822.84,498.15,4836.81,588.45,10990.99,28362.04
2008,January,620.23,4054.55,396.32,2818.06,330.66,5234.5,745.56,8567.94,22767.81
2008,February,904.83,5303.56,1892.17,2654.16,372.81,5380.49,183.47,14585.53,31277.01
2008,March,1106.95,4308.27,478.72,2323.89,500.22,4748.19,473.76,11714.53,25654.53
2008,April,1161.93,5464.01,660.51,2403.75,659.74,4746.66,983.63,11813.11,27893.33
2008,May,1182.73,4525.04,496.87,2863.47,263.35,4355.91,413.22,10335.7,24436.3
2008,June,873.91,4900.46,486.7,2376.58,421.3,3900.35,212.88,10660.7,23832.87
2008,July,781.66,6667.17,1998.07,2511.35,504.62,3777.64,1235.53,11191.29,28667.31
2008,August,769.87,5811.13,213.0,3978.68,299.31,3285.31,640.86,12489.74,27487.9
2008,September,828.15,4986.14,631.01,2532.23,328.57,3864.7,428.99,13018.61,26618.4
2008,October,748.09,6400.43,654.04,2822.37,351.2,4794.99,589.16,13195.78,29556.05
2008,November,933.61,5140.02,689.52,8546.96,66.36,4080.64,4.98,7972.2,27434.29
2008,December,651.59,6251.1,745.1,2160.14,283.93,4305.68,813.1,12194.81,27405.44
2007,May,1021.58,4519.42,1601.77,1655.59,349.11,3847.36,421.15,10593.98,24009.95
2007,April,1048.75,3417.63,619.14,1692.06,283.82,3833.61,274.09,8492.99,19662.1
2007,March,1098.38,4607.9,1432.34,1458.82,293.88,3683.4,540.23,9485.57,22600.52
2007,February,690.85,4635.39,636.24,1684.92,309.9,3315.95,222.36,10379.6,21875.2
2007,January,452.6,4704.51,740.99,1528.08,301.98,3226.4,201.54,8944.43,20100.53
2007,June,1650.98,3936.62,720.81,1824.97,312.36,2805.98,284.25,10535.85,22071.82
2007,July,1222.31,4231.55,802.92,1831.12,365.3,2992.78,389.06,10838.21,22673.25
2007,August,1003.5,3596.06,1533.0,1864.35,0.0,3114.5,725.22,11103.9,22940.52
2007,September,670.97,3281.4,804.47,1598.39,371.5,3190.13,281.36,10060.57,20258.79
2007,October,912.83,3410.12,902.98,2082.7,425.02,4053.92,361.7,11366.78,23516.06
2007,November,704.26,3979.28,602.7,2219.45,378.39,3909.23,728.17,12448.77,24970.24
2007,December,710.37,2433.7,335.88,6092.57,69.92,2919.69,93.57,4284.3,16940.0
2006,May,1511.9,3739.87,220.15,1360.48,344.22,3121.29,211.86,8416.22,18925.99
2006,April,1067.43,2285.55,237.96,943.32,233.56,3101.02,182.26,7125.72,15176.82
2006,March,935.63,3973.91,210.6,1518.41,275.41,3295.28,337.1,8113.03,18659.37
2006,February,606.97,4224.95,157.39,988.33,349.03,3225.97,84.89,5889.11,15526.65
2006,January,394.82,3638.35,254.99,1083.78,327.98,3051.05,303.58,6471.35,15525.89
2006,June,1506.82,4138.83,634.49,1296.32,366.1,2844.96,402.81,8397.43,19587.75
2006,July,932.35,5140.66,634.49,1296.32,366.1,2525.36,402.81,9717.54,21015.61
2006,August,726.63,4422.55,1057.4,1341.93,326.28,2733.58,327.04,9803.84,20739.25
2006,September,570.83,4345.76,1012.87,1365.96,404.47,2861.37,468.59,9519.03,20548.9
2006,October,560.36,3578.18,945.73,1375.78,403.86,3222.49,182.15,8775.29,19043.83
2006,December,526.6,3653.93,625.75,1375.64,209.61,3137.69,586.66,8541.89,18657.76
2006,November,657.22,4173.84,1195.37,1392.62,423.85,3515.18,425.42,9889.13,21672.63
2005,May,1189.52,2979.42,301.56,1665.62,416.33,3015.63,341.2,6936.48,16845.76
2005,April,1245.72,3593.39,149.32,1206.44,426.5,2749.93,182.13,6418.08,15971.5
2005,March,795.11,2785.51,195.57,4302.14,310.4,3230.95,228.51,5924.61,17772.81
2005,February,648.28,3485.71,241.41,1844.69,249.22,1977.27,197.05,6570.07,15213.7
2005,January,312.14,3279.97,689.02,1478.6,290.16,2844.97,73.69,5601.21,14569.76
2005,June,1777.67,3058.57,253.9,1438.33,501.35,2816.67,203.07,6656.16,16705.72
2005,July,736.23,3788.84,347.62,1049.17,452.02,2445.56,201.62,6005.29,15026.35
2005,August,551.17,4414.75,2187.75,1457.3,425.68,2216.64,220.67,5954.21,17428.17
2005,September,560.26,3877.75,2202.93,1192.86,348.1,2555.51,216.4,6185.71,17139.52
2005,October,571.81,4003.68,440.05,1124.51,357.44,2951.12,348.46,5744.46,15541.54
2005,November,625.83,2838.16,441.75,1006.95,437.28,2919.57,516.67,6220.14,15006.35
2005,December,688.68,4212.6,110.37,1329.56,387.13,2963.44,128.61,6354.18,16174.57
2004,May,1048.58,3256.01,21.0,663.61,397.54,2649.06,118.44,5301.06,13455.29
2004,April,752.26,3076.57,19.13,1813.52,390.39,2923.59,180.73,4075.89,13232.09
2004,March,785.54,2714.98,16.99,681.4,280.34,2830.3,178.9,4890.52,12378.96
2004,February,479.53,2811.2,21.62,510.16,338.32,2812.36,171.37,4344.76,11489.32
2004,January,234.57,3824.31,17.39,486.89,329.83,2607.11,116.0,4795.83,12411.92
2004,June,754.19,2826.19,90.17,830.94,351.99,2571.23,155.37,6036.07,13616.16
2004,July,667.79,2981.06,175.32,676.14,326.51,2487.91,199.65,6784.33,14298.7
2004,August,597.08,2468.81,131.62,735.82,275.79,2342.3,113.63,5475.5,12140.55
2004,September,355.66,2677.8,64.74,643.34,320.75,2874.45,119.08,5159.66,12215.47
2004,October,402.56,2671.04,189.33,688.6,437.09,3116.94,199.96,5506.57,13212.09
2004,November,454.17,3679.64,265.66,814.32,340.26,2929.38,157.01,6624.33,15264.76
2004,December,492.67,3081.5,216.41,917.76,388.79,2799.79,234.95,6239.41,14371.28
2003,May,730.71,2183.55,19.14,406.67,273.67,1910.96,231.22,4819.71,10575.63
2003,April,634.55,3085.24,23.84,407.69,344.03,2383.41,134.33,4450.26,11463.35
2003,March,680.0,3352.12,27.01,470.76,317.81,2498.0,122.0,4892.03,12359.74
2003,February,536.63,2774.94,47.5,1027.41,244.2,2541.53,122.72,5799.52,13094.44
2003,January,396.8,3191.09,21.24,525.14,325.97,2043.96,173.15,5864.62,12541.97
2003,June,794.82,2718.61,18.08,457.39,314.52,1758.6,254.6,4913.76,11230.39
2003,July,538.43,3024.83,11.1,532.02,309.97,1660.6,197.4,4519.93,10794.28
2003,August,540.82,2012.68,18.17,578.63,366.54,1616.75,144.24,4660.79,9938.62
2003,September,458.3,2523.86,34.64,547.09,276.66,2440.95,144.67,4675.75,11101.94
2003,October,383.57,3048.25,18.55,1187.79,418.17,2560.37,124.05,4300.26,12041.0
2003,November,265.24,2836.02,17.86,510.59,418.87,2566.28,163.88,4048.16,10826.88
2003,December,130.21,2280.87,35.64,514.69,396.76,2682.55,164.29,4529.16,10734.18
2002,May,862.98,2974.37,298.65,725.99,402.85,1647.21,118.05,5157.51,12187.61
2002,April,1071.17,2556.6,399.12,514.23,257.67,1996.98,102.75,4616.93,11515.45
2002,March,592.33,3365.66,404.05,441.04,291.52,1915.58,96.85,3216.55,10323.57
2002,February,381.57,3074.16,337.66,540.16,292.83,1899.63,80.0,4019.72,10625.73
2002,January,341.36,3611.47,941.58,544.66,396.88,1834.97,72.42,4556.56,12299.91
2002,June,592.41,2646.39,231.12,639.49,253.47,1376.33,111.35,4565.69,10416.23
2002,July,756.66,3527.7,555.89,563.25,391.17,1482.13,124.05,4114.99,11515.84
2002,October,351.85,2527.26,359.35,544.17,405.44,1634.58,182.63,5128.56,11133.82
2002,December,380.28,1981.05,11.75,401.06,282.02,1700.32,71.8,4519.89,9348.17
2002,November,315.4,2739.31,192.47,587.07,503.7,1949.48,110.77,4289.29,10687.47
2002,September,458.41,2476.71,200.22,489.95,306.09,1754.62,235.56,4721.78,10643.34
2002,August,495.26,2895.73,248.43,522.5,421.11,1098.69,172.59,4827.78,10682.09
2001,January,660.64,3380.77,1906.69,505.52,210.53,1966.35,72.31,3206.47,11909.29
2001,February,590.22,3414.35,1493.95,502.99,148.49,2289.02,68.45,3175.33,11682.79
2001,March,716.19,3728.86,1650.26,506.74,196.25,2310.96,49.62,3245.96,12404.83
2001,May,917.57,2981.99,808.06,616.33,443.45,2095.17,108.0,3215.61,11186.16
2001,June,839.7,3373.65,770.13,503.91,350.39,1453.56,82.48,3598.08,10971.91
2001,July,596.68,3301.85,1096.19,501.64,381.14,1308.7,122.48,3766.7,11075.39
2001,August,611.08,2751.03,997.4,592.33,361.83,1687.44,84.99,3534.39,10620.48
2001,September,446.0,1869.91,1239.6,517.0,317.49,815.32,94.43,3229.48,8529.24
2001,October,483.52,2445.14,1134.7,633.53,337.58,896.05,84.13,3707.17,9721.82
2001,November,482.98,2613.56,903.3,620.36,436.5,1731.42,83.07,3767.72,10638.91
2001,December,233.15,1886.53,969.36,407.43,386.61,1842.43,75.1,3304.26,9104.87
2001,April,737.48,2405.33,697.86,402.23,231.86,2055.86,92.03,2951.37,9574.02
2000,May,1427.71,2412.18,790.89,1619.65,238.81,1791.89,13.18,3201.68,11496.0
2000,April,1225.07,2372.87,542.13,411.93,157.11,1502.92,66.15,2165.24,8443.42
2000,March,997.48,3984.17,405.63,516.96,249.37,1722.13,132.97,2972.85,10981.56
2000,February,654.54,3831.7,612.57,552.84,173.13,1257.23,112.36,2758.17,9952.54
2000,January,716.84,2991.45,584.39,362.31,165.06,980.15,78.84,2298.96,8178.01
2000,June,1351.25,2875.88,633.61,629.34,276.98,1857.97,120.77,3132.64,10878.43
2000,July,1075.47,2765.21,723.01,444.67,257.46,1643.12,122.58,2653.18,9684.69
2000,August,1054.07,2997.57,1304.21,448.66,208.15,1448.0,192.23,2675.93,10328.83
2000,September,920.61,2261.2,1293.33,394.32,385.22,1266.82,50.67,2534.24,9106.42
2000,October,817.29,2781.28,1446.74,359.56,295.15,1958.69,144.7,2801.22,10604.61
2000,November,895.54,3127.01,646.12,544.36,245.47,1941.27,93.54,3254.65,10747.97
2000,December,571.23,2749.39,659.24,428.17,301.04,2075.64,108.65,2467.86,9361.22
1999,May,1370.33,2238.41,947.83,557.53,158.69,1495.68,140.5,2626.05,9535.02
1999,April,1167.7,2424.77,1020.05,521.15,81.4,1588.03,74.37,2882.82,9760.29
1999,March,1128.07,3163.27,1006.31,752.43,249.43,1709.79,84.26,3277.07,11370.64
1999,February,870.86,3031.58,891.38,776.88,157.44,1568.71,100.6,2807.92,10205.38
1999,January,224.79,2393.41,889.15,493.2,258.26,1346.01,90.15,2760.98,8455.96
1999,June,1632.2,3066.05,994.34,656.49,221.94,1374.75,87.7,3424.71,11458.19
1999,July,1929.22,2611.4,749.9,698.24,184.03,1151.24,142.29,2481.35,9947.67
1999,December,503.14,2988.48,453.52,564.49,200.18,1260.02,108.55,2733.85,8812.23
1999,November,504.64,3100.78,500.48,614.0,191.67,1236.66,93.57,2710.88,8952.68
1999,October,711.24,2641.59,591.91,581.85,181.48,1347.56,105.25,2532.62,8693.49
1999,September,816.91,2790.98,730.15,643.14,196.61,1023.69,94.11,2950.02,9245.61
1999,August,1170.25,2614.35,780.11,546.83,182.03,1005.65,126.57,2543.35,8969.13
1998,December,574.54,2129.77,799.11,724.44,81.92,1491.47,111.75,3166.33,9079.32
1998,November,578.74,2295.48,784.25,890.2,235.66,1295.53,96.46,2457.39,8633.71
1998,October,584.32,2450.01,896.47,587.63,306.09,1659.82,136.22,2690.39,9310.95
1998,September,536.21,2564.06,848.42,606.82,204.02,1446.75,99.66,3555.47,9861.4
1998,August,500.47,2404.7,850.6,695.15,183.19,854.04,117.68,3543.33,9149.16
